record_id,title,tree_id,tree_name,category_id,category_name
BRODY_GRAPHITI_READY_000007,019474B53D36_README.md,16,Arbre de la Relation,IV,Arbres Relationnels & Sociaux
BRODY_GRAPHITI_READY_000012,020411D2C4F3_risks_confusions.md,13,Arbre de l’Art,III,Arbres de Connaissance
BRODY_GRAPHITI_READY_000018,028E95C5CCE4_README.md,09,Arbre de l’Intelligence,II,Arbres Cognitifs
BRODY_GRAPHITI_READY_000023,02C63E000672_tests.md,34,Arbre de la Stabilité,VIII,Arbres liés à Obsidia / AGI
BRODY_GRAPHITI_READY_000027,033445CB916D_examples_events.md,06,Arbre de la Compréhension,II,Arbres Cognitifs
BRODY_GRAPHITI_READY_000047,0618D4F4DFDF_tests.md,33,Arbre de l’Optimisation,VIII,Arbres liés à Obsidia / AGI
BRODY_GRAPHITI_READY_000057,077EFC08D024_activation_rules.md,11,Arbre de la Science,III,Arbres de Connaissance
BRODY_GRAPHITI_READY_000062,0871679F3710_tests.md,16,Arbre de la Relation,IV,Arbres Relationnels & Sociaux
BRODY_GRAPHITI_READY_000084,0A478B3F52A1_README.md,15,Arbre de la Spiritualité,III,Arbres de Connaissance
BRODY_GRAPHITI_READY_000102,0B463A904CA9_tests.md,19,Arbre de la Culture,IV,Arbres Relationnels & Sociaux
BRODY_GRAPHITI_READY_000105,0B9AF809DD8A_arbres_34.canon.json,01,Arbre de l’Humain,I,Arbres Fondamentaux
BRODY_GRAPHITI_READY_000105,0B9AF809DD8A_arbres_34.canon.json,02,Arbre de la Conscience,I,Arbres Fondamentaux
BRODY_GRAPHITI_READY_000105,0B9AF809DD8A_arbres_34.canon.json,03,Arbre de la Perception,I,Arbres Fondamentaux
BRODY_GRAPHITI_READY_000105,0B9AF809DD8A_arbres_34.canon.json,04,Arbre du Sens,I,Arbres Fondamentaux
BRODY_GRAPHITI_READY_000105,0B9AF809DD8A_arbres_34.canon.json,05,Arbre de l’Identité,I,Arbres Fondamentaux
BRODY_GRAPHITI_READY_000105,0B9AF809DD8A_arbres_34.canon.json,06,Arbre de la Compréhension,II,Arbres Cognitifs
BRODY_GRAPHITI_READY_000105,0B9AF809DD8A_arbres_34.canon.json,07,Arbre de l’Organisation,II,Arbres Cognitifs
BRODY_GRAPHITI_READY_000105,0B9AF809DD8A_arbres_34.canon.json,08,Arbre de la Pensée,II,Arbres Cognitifs
BRODY_GRAPHITI_READY_000105,0B9AF809DD8A_arbres_34.canon.json,09,Arbre de l’Intelligence,II,Arbres Cognitifs
BRODY_GRAPHITI_READY_000105,0B9AF809DD8A_arbres_34.canon.json,10,Arbre du Langage,II,Arbres Cognitifs
BRODY_GRAPHITI_READY_000105,0B9AF809DD8A_arbres_34.canon.json,11,Arbre de la Science,III,Arbres de Connaissance
BRODY_GRAPHITI_READY_000108,0BD42B22A377_definition.md,33,Arbre de l’Optimisation,VIII,Arbres liés à Obsidia / AGI
BRODY_GRAPHITI_READY_000110,0C4DFA8D762A_Architecture et Visualisation du Reverse OS d'Obsidia.docx,20,Arbre de l’Action,V,Arbres d’Action & de Transformation
BRODY_GRAPHITI_READY_000115,0C939DB59AB0_03_ANOMALIES_ET_DECISIONS.md,02,Arbre de la Conscience,I,Arbres Fondamentaux
BRODY_GRAPHITI_READY_000115,0C939DB59AB0_03_ANOMALIES_ET_DECISIONS.md,07,Arbre de l’Organisation,II,Arbres Cognitifs
BRODY_GRAPHITI_READY_000115,0C939DB59AB0_03_ANOMALIES_ET_DECISIONS.md,08,Arbre de la Pensée,II,Arbres Cognitifs
BRODY_GRAPHITI_READY_000115,0C939DB59AB0_03_ANOMALIES_ET_DECISIONS.md,10,Arbre du Langage,II,Arbres Cognitifs
BRODY_GRAPHITI_READY_000115,0C939DB59AB0_03_ANOMALIES_ET_DECISIONS.md,11,Arbre de la Science,III,Arbres de Connaissance
BRODY_GRAPHITI_READY_000115,0C939DB59AB0_03_ANOMALIES_ET_DECISIONS.md,12,Arbre de la Technique,III,Arbres de Connaissance
BRODY_GRAPHITI_READY_000115,0C939DB59AB0_03_ANOMALIES_ET_DECISIONS.md,14,Arbre de la Philosophie,III,Arbres de Connaissance
BRODY_GRAPHITI_READY_000115,0C939DB59AB0_03_ANOMALIES_ET_DECISIONS.md,16,Arbre de la Relation,IV,Arbres Relationnels & Sociaux
BRODY_GRAPHITI_READY_000115,0C939DB59AB0_03_ANOMALIES_ET_DECISIONS.md,19,Arbre de la Culture,IV,Arbres Relationnels & Sociaux
BRODY_GRAPHITI_READY_000115,0C939DB59AB0_03_ANOMALIES_ET_DECISIONS.md,20,Arbre de l’Action,V,Arbres d’Action & de Transformation
BRODY_GRAPHITI_READY_000115,0C939DB59AB0_03_ANOMALIES_ET_DECISIONS.md,21,Arbre de la Création,V,Arbres d’Action & de Transformation
BRODY_GRAPHITI_READY_000115,0C939DB59AB0_03_ANOMALIES_ET_DECISIONS.md,23,Arbre du Temps,VI,Arbres Temporels & Mémoriels
BRODY_GRAPHITI_READY_000115,0C939DB59AB0_03_ANOMALIES_ET_DECISIONS.md,24,Arbre de la Mémoire,VI,Arbres Temporels & Mémoriels
BRODY_GRAPHITI_READY_000115,0C939DB59AB0_03_ANOMALIES_ET_DECISIONS.md,26,Arbre de la Cohérence,VII,Arbres Méta-Structurels
BRODY_GRAPHITI_READY_000115,0C939DB59AB0_03_ANOMALIES_ET_DECISIONS.md,29,Arbre de la Finalité,VII,Arbres Méta-Structurels
BRODY_GRAPHITI_READY_000115,0C939DB59AB0_03_ANOMALIES_ET_DECISIONS.md,34,Arbre de la Stabilité,VIII,Arbres liés à Obsidia / AGI
BRODY_GRAPHITI_READY_000116,0CB849B3413D_tests.md,17,Arbre du Collectif,IV,Arbres Relationnels & Sociaux
BRODY_GRAPHITI_READY_000122,0DA4D77BE529_examples_events.md,04,Arbre du Sens,I,Arbres Fondamentaux
BRODY_GRAPHITI_READY_000133,0EB481DE0691_definition.md,12,Arbre de la Technique,III,Arbres de Connaissance
BRODY_GRAPHITI_READY_000137,0EDFBD93659B_risks_confusions.md,12,Arbre de la Technique,III,Arbres de Connaissance
BRODY_GRAPHITI_READY_000152,0FE099E48FDC_activation_rules.md,10,Arbre du Langage,II,Arbres Cognitifs
BRODY_GRAPHITI_READY_000153,0FE9C316C201_tests.md,25,Arbre de l’Histoire,VI,Arbres Temporels & Mémoriels
BRODY_GRAPHITI_READY_000186,10A5059D8E15_examples_events.md,19,Arbre de la Culture,IV,Arbres Relationnels & Sociaux
BRODY_GRAPHITI_READY_000189,1140DEB521E7_activation_rules.md,02,Arbre de la Conscience,I,Arbres Fondamentaux
BRODY_GRAPHITI_READY_000202,124C2B73A83C_definition.md,05,Arbre de l’Identité,I,Arbres Fondamentaux
BRODY_GRAPHITI_READY_000204,1271088C4FAD_risks_confusions.md,31,Arbre des Flux,VIII,Arbres liés à Obsidia / AGI
BRODY_GRAPHITI_READY_000209,130ECCB46DC6_activation_rules.md,04,Arbre du Sens,I,Arbres Fondamentaux
BRODY_GRAPHITI_READY_000212,1343A6380233_activation_rules.md,12,Arbre de la Technique,III,Arbres de Connaissance
BRODY_GRAPHITI_READY_000241,162C1FAF1235_examples_events.md,21,Arbre de la Création,V,Arbres d’Action & de Transformation
BRODY_GRAPHITI_READY_000250,175D1A821EA0_README.md,08,Arbre de la Pensée,II,Arbres Cognitifs
BRODY_GRAPHITI_READY_000271,1A45E8269C24_tests.md,30,Arbre Cognitif Global,VIII,Arbres liés à Obsidia / AGI
BRODY_GRAPHITI_READY_000280,1B131FDFF929_examples_events.md,11,Arbre de la Science,III,Arbres de Connaissance
BRODY_GRAPHITI_READY_000287,1C07C02BA3B3_examples_events.md,07,Arbre de l’Organisation,II,Arbres Cognitifs
BRODY_GRAPHITI_READY_000288,1C2052F449B5_risks_confusions.md,10,Arbre du Langage,II,Arbres Cognitifs
BRODY_GRAPHITI_READY_000294,1CC6A7148D23_definition.md,30,Arbre Cognitif Global,VIII,Arbres liés à Obsidia / AGI
BRODY_GRAPHITI_READY_000315,1E915A0EC22D_examples_events.md,13,Arbre de l’Art,III,Arbres de Connaissance
BRODY_GRAPHITI_READY_000318,1EF0716B30E8_tests.md,12,Arbre de la Technique,III,Arbres de Connaissance
BRODY_GRAPHITI_READY_000324,1FA1B9D7847A_README.md,25,Arbre de l’Histoire,VI,Arbres Temporels & Mémoriels
BRODY_GRAPHITI_READY_000325,1FA88E0393EA_activation_rules.md,31,Arbre des Flux,VIII,Arbres liés à Obsidia / AGI
BRODY_GRAPHITI_READY_000332,202BED34CED1_definition.md,19,Arbre de la Culture,IV,Arbres Relationnels & Sociaux
BRODY_GRAPHITI_READY_000334,20545D8DE6BF_definition.md,04,Arbre du Sens,I,Arbres Fondamentaux
BRODY_GRAPHITI_READY_000347,217DF55F426D_risks_confusions.md,16,Arbre de la Relation,IV,Arbres Relationnels & Sociaux
BRODY_GRAPHITI_READY_000352,21B4EA5CA8DD_activation_rules.md,18,Arbre de la Transmission,IV,Arbres Relationnels & Sociaux
BRODY_GRAPHITI_READY_000353,21CE6F4AC16C_risks_confusions.md,09,Arbre de l’Intelligence,II,Arbres Cognitifs
BRODY_GRAPHITI_READY_000358,2234803A5351_README.md,14,Arbre de la Philosophie,III,Arbres de Connaissance
BRODY_GRAPHITI_READY_000363,227ADFC3F426_examples_events.md,15,Arbre de la Spiritualité,III,Arbres de Connaissance
BRODY_GRAPHITI_READY_000370,239325772D61_activation_rules.md,34,Arbre de la Stabilité,VIII,Arbres liés à Obsidia / AGI
BRODY_GRAPHITI_READY_000378,2469CA29AA25_risks_confusions.md,08,Arbre de la Pensée,II,Arbres Cognitifs
BRODY_GRAPHITI_READY_000379,249F4788A572_tests.md,13,Arbre de l’Art,III,Arbres de Connaissance
BRODY_GRAPHITI_READY_000381,24C28F640475_README.md,11,Arbre de la Science,III,Arbres de Connaissance
BRODY_GRAPHITI_READY_000383,24F51462BBAC_README.md,18,Arbre de la Transmission,IV,Arbres Relationnels & Sociaux
BRODY_GRAPHITI_READY_000401,265B6DEFDF53_risks_confusions.md,21,Arbre de la Création,V,Arbres d’Action & de Transformation
BRODY_GRAPHITI_READY_000406,27486E9C73AF_tests.md,03,Arbre de la Perception,I,Arbres Fondamentaux
BRODY_GRAPHITI_READY_000416,2865A246A9F4_activation_rules.md,16,Arbre de la Relation,IV,Arbres Relationnels & Sociaux
BRODY_GRAPHITI_READY_000442,2B5E0E818811_risks_confusions.md,02,Arbre de la Conscience,I,Arbres Fondamentaux
BRODY_GRAPHITI_READY_000446,2BC905D9D94C_L'Agent Shazam Cognitif et la Matrice des 34 Arbres.docx,05,Arbre de l’Identité,I,Arbres Fondamentaux
BRODY_GRAPHITI_READY_000446,2BC905D9D94C_L'Agent Shazam Cognitif et la Matrice des 34 Arbres.docx,20,Arbre de l’Action,V,Arbres d’Action & de Transformation
BRODY_GRAPHITI_READY_000446,2BC905D9D94C_L'Agent Shazam Cognitif et la Matrice des 34 Arbres.docx,34,Arbre de la Stabilité,VIII,Arbres liés à Obsidia / AGI
BRODY_GRAPHITI_READY_000452,2CBC8E0ED31D_examples_events.md,25,Arbre de l’Histoire,VI,Arbres Temporels & Mémoriels
BRODY_GRAPHITI_READY_000469,2EBD5FCF2AEB_README.md,24,Arbre de la Mémoire,VI,Arbres Temporels & Mémoriels
BRODY_GRAPHITI_READY_000495,311A9ABD07F6_README.md,19,Arbre de la Culture,IV,Arbres Relationnels & Sociaux
BRODY_GRAPHITI_READY_000513,3304417C25D1_tests.md,20,Arbre de l’Action,V,Arbres d’Action & de Transformation
BRODY_GRAPHITI_READY_000539,35C34C2B0D32_tests.md,08,Arbre de la Pensée,II,Arbres Cognitifs
BRODY_GRAPHITI_READY_000551,37AE4D07AE34_risks_confusions.md,33,Arbre de l’Optimisation,VIII,Arbres liés à Obsidia / AGI
BRODY_GRAPHITI_READY_000562,3871D15A661F_definition.md,24,Arbre de la Mémoire,VI,Arbres Temporels & Mémoriels
BRODY_GRAPHITI_READY_000567,393A87B354A1_risks_confusions.md,34,Arbre de la Stabilité,VIII,Arbres liés à Obsidia / AGI
BRODY_GRAPHITI_READY_000568,396DFD9AFEBF_examples_events.md,05,Arbre de l’Identité,I,Arbres Fondamentaux
BRODY_GRAPHITI_READY_000579,3A1E1395AF2B_tests.md,23,Arbre du Temps,VI,Arbres Temporels & Mémoriels
BRODY_GRAPHITI_READY_000598,3B56F965F674_activation_rules.md,07,Arbre de l’Organisation,II,Arbres Cognitifs
BRODY_GRAPHITI_READY_000612,3D12A7EBEBDC_definition.md,01,Arbre de l’Humain,I,Arbres Fondamentaux
BRODY_GRAPHITI_READY_000613,3D1DCB3DD66E_tests.md,31,Arbre des Flux,VIII,Arbres liés à Obsidia / AGI
BRODY_GRAPHITI_READY_000618,3E343B90B4F4_examples_events.md,01,Arbre de l’Humain,I,Arbres Fondamentaux
BRODY_GRAPHITI_READY_000622,3E8DBBFC8A07_definition.md,15,Arbre de la Spiritualité,III,Arbres de Connaissance
BRODY_GRAPHITI_READY_000627,3EE7A69E7B6F_examples_events.md,34,Arbre de la Stabilité,VIII,Arbres liés à Obsidia / AGI
BRODY_GRAPHITI_READY_000643,40891B7DC808_tests.md,21,Arbre de la Création,V,Arbres d’Action & de Transformation
BRODY_GRAPHITI_READY_000644,409D38F19555_risks_confusions.md,30,Arbre Cognitif Global,VIII,Arbres liés à Obsidia / AGI
BRODY_GRAPHITI_READY_000647,4138EB4E3B3E_README.md,02,Arbre de la Conscience,I,Arbres Fondamentaux
BRODY_GRAPHITI_READY_000679,4624D3C91E0D_risks_confusions.md,18,Arbre de la Transmission,IV,Arbres Relationnels & Sociaux
BRODY_GRAPHITI_READY_000683,47198019C2FD_tests.md,29,Arbre de la Finalité,VII,Arbres Méta-Structurels
BRODY_GRAPHITI_READY_000688,47DA3A8C69B5_definition.md,27,Arbre de la Vérité,VII,Arbres Méta-Structurels
BRODY_GRAPHITI_READY_000694,48AAB2F1C286_demo_output_context_packet.json,05,Arbre de l’Identité,I,Arbres Fondamentaux
BRODY_GRAPHITI_READY_000694,48AAB2F1C286_demo_output_context_packet.json,09,Arbre de l’Intelligence,II,Arbres Cognitifs
BRODY_GRAPHITI_READY_000694,48AAB2F1C286_demo_output_context_packet.json,11,Arbre de la Science,III,Arbres de Connaissance
BRODY_GRAPHITI_READY_000694,48AAB2F1C286_demo_output_context_packet.json,18,Arbre de la Transmission,IV,Arbres Relationnels & Sociaux
BRODY_GRAPHITI_READY_000694,48AAB2F1C286_demo_output_context_packet.json,24,Arbre de la Mémoire,VI,Arbres Temporels & Mémoriels
BRODY_GRAPHITI_READY_000694,48AAB2F1C286_demo_output_context_packet.json,26,Arbre de la Cohérence,VII,Arbres Méta-Structurels
BRODY_GRAPHITI_READY_000694,48AAB2F1C286_demo_output_context_packet.json,27,Arbre de la Vérité,VII,Arbres Méta-Structurels
BRODY_GRAPHITI_READY_000694,48AAB2F1C286_demo_output_context_packet.json,32,Arbre des Connexions,VIII,Arbres liés à Obsidia / AGI
BRODY_GRAPHITI_READY_000756,50E9C1177E6D_activation_rules.md,29,Arbre de la Finalité,VII,Arbres Méta-Structurels
BRODY_GRAPHITI_READY_000762,518CAB30008B_tests.md,05,Arbre de l’Identité,I,Arbres Fondamentaux
BRODY_GRAPHITI_READY_000774,53CB75CD531B_README.md,07,Arbre de l’Organisation,II,Arbres Cognitifs
BRODY_GRAPHITI_READY_000787,559C1B40ACF0_examples_events.md,29,Arbre de la Finalité,VII,Arbres Méta-Structurels
BRODY_GRAPHITI_READY_000796,56C5D510AC89_risks_confusions.md,22,Arbre de la Transformation,V,Arbres d’Action & de Transformation
BRODY_GRAPHITI_READY_000799,56E02F2B49F1_risks_confusions.md,27,Arbre de la Vérité,VII,Arbres Méta-Structurels
BRODY_GRAPHITI_READY_000804,574F10294724_README.md,01,Arbre de l’Humain,I,Arbres Fondamentaux
BRODY_GRAPHITI_READY_000814,58B35317C776_tests.md,10,Arbre du Langage,II,Arbres Cognitifs
BRODY_GRAPHITI_READY_000818,5962C710EAEE_tests.md,14,Arbre de la Philosophie,III,Arbres de Connaissance
BRODY_GRAPHITI_READY_000819,597359BB5761_tests.md,06,Arbre de la Compréhension,II,Arbres Cognitifs
BRODY_GRAPHITI_READY_000821,59D0164CE641_definition.md,25,Arbre de l’Histoire,VI,Arbres Temporels & Mémoriels
BRODY_GRAPHITI_READY_000824,5A2C297A7888_definition.md,02,Arbre de la Conscience,I,Arbres Fondamentaux
BRODY_GRAPHITI_READY_000843,5CA8C8C39A46_risks_confusions.md,17,Arbre du Collectif,IV,Arbres Relationnels & Sociaux
BRODY_GRAPHITI_READY_000866,5D15042683ED_activation_rules.md,17,Arbre du Collectif,IV,Arbres Relationnels & Sociaux
BRODY_GRAPHITI_READY_000867,5D31F72C8871_activation_rules.md,21,Arbre de la Création,V,Arbres d’Action & de Transformation
BRODY_GRAPHITI_READY_000903,61E5AEBD4F46_definition.md,07,Arbre de l’Organisation,II,Arbres Cognitifs
BRODY_GRAPHITI_READY_000904,61E6AD10D57A_tests.md,04,Arbre du Sens,I,Arbres Fondamentaux
BRODY_GRAPHITI_READY_000905,61EA08B4E4F2_risks_confusions.md,29,Arbre de la Finalité,VII,Arbres Méta-Structurels
BRODY_GRAPHITI_READY_000911,62CB4E7ADC52_tests.md,02,Arbre de la Conscience,I,Arbres Fondamentaux
BRODY_GRAPHITI_READY_000920,63AE9DA28A0A_definition.md,28,Arbre de la Valeur,VII,Arbres Méta-Structurels
BRODY_GRAPHITI_READY_000927,6464914644BC_tests.md,15,Arbre de la Spiritualité,III,Arbres de Connaissance
BRODY_GRAPHITI_READY_000929,64A95E15EE6A_risks_confusions.md,19,Arbre de la Culture,IV,Arbres Relationnels & Sociaux
BRODY_GRAPHITI_READY_000936,656E1D6717B7_examples_events.md,08,Arbre de la Pensée,II,Arbres Cognitifs
BRODY_GRAPHITI_READY_000949,661BD57174C1_activation_rules.md,24,Arbre de la Mémoire,VI,Arbres Temporels & Mémoriels
BRODY_GRAPHITI_READY_000951,669F53D6BBAF_risks_confusions.md,25,Arbre de l’Histoire,VI,Arbres Temporels & Mémoriels
BRODY_GRAPHITI_READY_000964,6746F62BE480_activation_rules.md,30,Arbre Cognitif Global,VIII,Arbres liés à Obsidia / AGI
BRODY_GRAPHITI_READY_000966,67B0BB4F39F4_README.md,12,Arbre de la Technique,III,Arbres de Connaissance
BRODY_GRAPHITI_READY_000971,67F5408FAD39_risks_confusions.md,26,Arbre de la Cohérence,VII,Arbres Méta-Structurels
BRODY_GRAPHITI_READY_000972,6803424681BC_examples_events.md,24,Arbre de la Mémoire,VI,Arbres Temporels & Mémoriels
BRODY_GRAPHITI_READY_000987,6992426D0D60_activation_rules.md,09,Arbre de l’Intelligence,II,Arbres Cognitifs
BRODY_GRAPHITI_READY_000994,6A35C0AB6CAB_examples_events.md,22,Arbre de la Transformation,V,Arbres d’Action & de Transformation
BRODY_GRAPHITI_READY_001008,6BE894561EFD_activation_rules.md,20,Arbre de l’Action,V,Arbres d’Action & de Transformation
BRODY_GRAPHITI_READY_001009,6BEAB2EC1980_risks_confusions.md,05,Arbre de l’Identité,I,Arbres Fondamentaux
BRODY_GRAPHITI_READY_001019,6CCCD91C837A_tests.md,22,Arbre de la Transformation,V,Arbres d’Action & de Transformation
BRODY_GRAPHITI_READY_001023,6D034ECC543D_README.md,23,Arbre du Temps,VI,Arbres Temporels & Mémoriels
BRODY_GRAPHITI_READY_001040,6EB02A1FE391_definition.md,23,Arbre du Temps,VI,Arbres Temporels & Mémoriels
BRODY_GRAPHITI_READY_001056,706E064C52F0_activation_rules.md,05,Arbre de l’Identité,I,Arbres Fondamentaux
BRODY_GRAPHITI_READY_001064,716C3604D5DF_activation_rules.md,28,Arbre de la Valeur,VII,Arbres Méta-Structurels
BRODY_GRAPHITI_READY_001078,72B75DBAB18E_README.md,21,Arbre de la Création,V,Arbres d’Action & de Transformation
BRODY_GRAPHITI_READY_001105,76CAEDAA5214_README.md,10,Arbre du Langage,II,Arbres Cognitifs
BRODY_GRAPHITI_READY_001112,7781CEA39E6E_Architecture et Protocoles de l'OS Cognitif Obsidia.docx,20,Arbre de l’Action,V,Arbres d’Action & de Transformation
BRODY_GRAPHITI_READY_001112,7781CEA39E6E_Architecture et Protocoles de l'OS Cognitif Obsidia.docx,23,Arbre du Temps,VI,Arbres Temporels & Mémoriels
BRODY_GRAPHITI_READY_001116,78233BA2E043_README.md,20,Arbre de l’Action,V,Arbres d’Action & de Transformation
BRODY_GRAPHITI_READY_001143,7994796B6E1A_definition.md,29,Arbre de la Finalité,VII,Arbres Méta-Structurels
BRODY_GRAPHITI_READY_001146,79F523266F7C_definition.md,09,Arbre de l’Intelligence,II,Arbres Cognitifs
BRODY_GRAPHITI_READY_001149,7A568BF4A4EE_activation_rules.md,22,Arbre de la Transformation,V,Arbres d’Action & de Transformation
BRODY_GRAPHITI_READY_001152,7AB2B7672D29_README.md,29,Arbre de la Finalité,VII,Arbres Méta-Structurels
BRODY_GRAPHITI_READY_001153,7ABD2FEBB1F5_tests.md,07,Arbre de l’Organisation,II,Arbres Cognitifs
BRODY_GRAPHITI_READY_001155,7ACABF202E94_activation_rules.md,27,Arbre de la Vérité,VII,Arbres Méta-Structurels
BRODY_GRAPHITI_READY_001198,7EDF704E851F_examples_events.md,30,Arbre Cognitif Global,VIII,Arbres liés à Obsidia / AGI
BRODY_GRAPHITI_READY_001199,7EFA025D2B68_definition.md,26,Arbre de la Cohérence,VII,Arbres Méta-Structurels
BRODY_GRAPHITI_READY_001204,7F568A2891C4_tests.md,27,Arbre de la Vérité,VII,Arbres Méta-Structurels
BRODY_GRAPHITI_READY_001209,800DDAE3266B_examples_events.md,23,Arbre du Temps,VI,Arbres Temporels & Mémoriels
BRODY_GRAPHITI_READY_001253,857DA30340D5_examples_events.md,17,Arbre du Collectif,IV,Arbres Relationnels & Sociaux
BRODY_GRAPHITI_READY_001256,86247D8F2169_definition.md,03,Arbre de la Perception,I,Arbres Fondamentaux
BRODY_GRAPHITI_READY_001258,868CB5C255E0_definition.md,06,Arbre de la Compréhension,II,Arbres Cognitifs
BRODY_GRAPHITI_READY_001262,86E1AE1A7306_risks_confusions.md,11,Arbre de la Science,III,Arbres de Connaissance
BRODY_GRAPHITI_READY_001289,891C60AF4DFF_README.md,34,Arbre de la Stabilité,VIII,Arbres liés à Obsidia / AGI
BRODY_GRAPHITI_READY_001302,8A41587F5E8E_activation_rules.md,06,Arbre de la Compréhension,II,Arbres Cognitifs
BRODY_GRAPHITI_READY_001304,8A72E17BB3F7_activation_rules.md,26,Arbre de la Cohérence,VII,Arbres Méta-Structurels
BRODY_GRAPHITI_READY_001309,8ABC91C13FA2_definition.md,11,Arbre de la Science,III,Arbres de Connaissance
BRODY_GRAPHITI_READY_001330,8D776573086F_tests.md,28,Arbre de la Valeur,VII,Arbres Méta-Structurels
BRODY_GRAPHITI_READY_001342,8F2132BEB244_definition.md,22,Arbre de la Transformation,V,Arbres d’Action & de Transformation
BRODY_GRAPHITI_READY_001351,9046BE559FA9_definition.md,16,Arbre de la Relation,IV,Arbres Relationnels & Sociaux
BRODY_GRAPHITI_READY_001363,916F1E363102_arbres_34.registry.json,01,Arbre de l’Humain,I,Arbres Fondamentaux
BRODY_GRAPHITI_READY_001363,916F1E363102_arbres_34.registry.json,02,Arbre de la Conscience,I,Arbres Fondamentaux
BRODY_GRAPHITI_READY_001363,916F1E363102_arbres_34.registry.json,03,Arbre de la Perception,I,Arbres Fondamentaux
BRODY_GRAPHITI_READY_001363,916F1E363102_arbres_34.registry.json,04,Arbre du Sens,I,Arbres Fondamentaux
BRODY_GRAPHITI_READY_001363,916F1E363102_arbres_34.registry.json,05,Arbre de l’Identité,I,Arbres Fondamentaux
BRODY_GRAPHITI_READY_001363,916F1E363102_arbres_34.registry.json,06,Arbre de la Compréhension,II,Arbres Cognitifs
BRODY_GRAPHITI_READY_001363,916F1E363102_arbres_34.registry.json,07,Arbre de l’Organisation,II,Arbres Cognitifs
BRODY_GRAPHITI_READY_001363,916F1E363102_arbres_34.registry.json,08,Arbre de la Pensée,II,Arbres Cognitifs
BRODY_GRAPHITI_READY_001363,916F1E363102_arbres_34.registry.json,09,Arbre de l’Intelligence,II,Arbres Cognitifs
BRODY_GRAPHITI_READY_001363,916F1E363102_arbres_34.registry.json,10,Arbre du Langage,II,Arbres Cognitifs
BRODY_GRAPHITI_READY_001363,916F1E363102_arbres_34.registry.json,11,Arbre de la Science,III,Arbres de Connaissance
BRODY_GRAPHITI_READY_001363,916F1E363102_arbres_34.registry.json,12,Arbre de la Technique,III,Arbres de Connaissance
BRODY_GRAPHITI_READY_001363,916F1E363102_arbres_34.registry.json,13,Arbre de l’Art,III,Arbres de Connaissance
BRODY_GRAPHITI_READY_001363,916F1E363102_arbres_34.registry.json,14,Arbre de la Philosophie,III,Arbres de Connaissance
BRODY_GRAPHITI_READY_001363,916F1E363102_arbres_34.registry.json,15,Arbre de la Spiritualité,III,Arbres de Connaissance
BRODY_GRAPHITI_READY_001363,916F1E363102_arbres_34.registry.json,16,Arbre de la Relation,IV,Arbres Relationnels & Sociaux
BRODY_GRAPHITI_READY_001363,916F1E363102_arbres_34.registry.json,17,Arbre du Collectif,IV,Arbres Relationnels & Sociaux
BRODY_GRAPHITI_READY_001363,916F1E363102_arbres_34.registry.json,18,Arbre de la Transmission,IV,Arbres Relationnels & Sociaux
BRODY_GRAPHITI_READY_001363,916F1E363102_arbres_34.registry.json,19,Arbre de la Culture,IV,Arbres Relationnels & Sociaux
BRODY_GRAPHITI_READY_001363,916F1E363102_arbres_34.registry.json,20,Arbre de l’Action,V,Arbres d’Action & de Transformation
BRODY_GRAPHITI_READY_001363,916F1E363102_arbres_34.registry.json,21,Arbre de la Création,V,Arbres d’Action & de Transformation
BRODY_GRAPHITI_READY_001363,916F1E363102_arbres_34.registry.json,22,Arbre de la Transformation,V,Arbres d’Action & de Transformation
BRODY_GRAPHITI_READY_001365,919BDDFA2213_examples_events.md,14,Arbre de la Philosophie,III,Arbres de Connaissance
BRODY_GRAPHITI_READY_001369,924129C65925_examples_events.md,27,Arbre de la Vérité,VII,Arbres Méta-Structurels
BRODY_GRAPHITI_READY_001389,938F45778F0D_activation_rules.md,14,Arbre de la Philosophie,III,Arbres de Connaissance
BRODY_GRAPHITI_READY_001401,950B87448822_tests.md,26,Arbre de la Cohérence,VII,Arbres Méta-Structurels
BRODY_GRAPHITI_READY_001406,955343B95002_README.md,31,Arbre des Flux,VIII,Arbres liés à Obsidia / AGI
BRODY_GRAPHITI_READY_001415,9708D5353D93_definition.md,34,Arbre de la Stabilité,VIII,Arbres liés à Obsidia / AGI
BRODY_GRAPHITI_READY_001427,98380229F3B8_risks_confusions.md,24,Arbre de la Mémoire,VI,Arbres Temporels & Mémoriels
BRODY_GRAPHITI_READY_001428,9840D1D5ECE8_LES 34 ARBRES _ Architecture et Structure Cognitive Globale.docx,01,Arbre de l’Humain,I,Arbres Fondamentaux
BRODY_GRAPHITI_READY_001428,9840D1D5ECE8_LES 34 ARBRES _ Architecture et Structure Cognitive Globale.docx,02,Arbre de la Conscience,I,Arbres Fondamentaux
BRODY_GRAPHITI_READY_001428,9840D1D5ECE8_LES 34 ARBRES _ Architecture et Structure Cognitive Globale.docx,03,Arbre de la Perception,I,Arbres Fondamentaux
BRODY_GRAPHITI_READY_001428,9840D1D5ECE8_LES 34 ARBRES _ Architecture et Structure Cognitive Globale.docx,04,Arbre du Sens,I,Arbres Fondamentaux
BRODY_GRAPHITI_READY_001428,9840D1D5ECE8_LES 34 ARBRES _ Architecture et Structure Cognitive Globale.docx,05,Arbre de l’Identité,I,Arbres Fondamentaux
BRODY_GRAPHITI_READY_001443,9AB28CC73F01_risks_confusions.md,06,Arbre de la Compréhension,II,Arbres Cognitifs
BRODY_GRAPHITI_READY_001447,9B0BFB018FCD_README.md,03,Arbre de la Perception,I,Arbres Fondamentaux
BRODY_GRAPHITI_READY_001462,9DFB36703B05_examples_events.md,16,Arbre de la Relation,IV,Arbres Relationnels & Sociaux
BRODY_GRAPHITI_READY_001482,9F37EBE410C8_examples_events.md,26,Arbre de la Cohérence,VII,Arbres Méta-Structurels
BRODY_GRAPHITI_READY_001488,9FA64479BF66_examples_events.md,18,Arbre de la Transmission,IV,Arbres Relationnels & Sociaux
BRODY_GRAPHITI_READY_001490,9FFD414E1403_risks_confusions.md,15,Arbre de la Spiritualité,III,Arbres de Connaissance
BRODY_GRAPHITI_READY_001499,A0EA8085E36B_risks_confusions.md,01,Arbre de l’Humain,I,Arbres Fondamentaux
BRODY_GRAPHITI_READY_001512,A2D546A56762_README.md,05,Arbre de l’Identité,I,Arbres Fondamentaux
BRODY_GRAPHITI_READY_001513,A2D87DED7CE8_tests.md,32,Arbre des Connexions,VIII,Arbres liés à Obsidia / AGI
BRODY_GRAPHITI_READY_001531,A483FB5F57E9_README.md,17,Arbre du Collectif,IV,Arbres Relationnels & Sociaux
BRODY_GRAPHITI_READY_001533,A4CC00737730_definition.md,18,Arbre de la Transmission,IV,Arbres Relationnels & Sociaux
BRODY_GRAPHITI_READY_001557,A6CB8AB83AC3_activation_rules.md,13,Arbre de l’Art,III,Arbres de Connaissance
BRODY_GRAPHITI_READY_001571,A7BD1D74EB17_risks_confusions.md,20,Arbre de l’Action,V,Arbres d’Action & de Transformation
BRODY_GRAPHITI_READY_001572,A7F03C78A85C_README.md,13,Arbre de l’Art,III,Arbres de Connaissance
BRODY_GRAPHITI_READY_001574,A82478551D0F_examples_events.md,32,Arbre des Connexions,VIII,Arbres liés à Obsidia / AGI
BRODY_GRAPHITI_READY_001575,A828D5FCFB2F_activation_rules.md,32,Arbre des Connexions,VIII,Arbres liés à Obsidia / AGI
BRODY_GRAPHITI_READY_001583,A93189300478_README.md,28,Arbre de la Valeur,VII,Arbres Méta-Structurels
BRODY_GRAPHITI_READY_001588,A96C1B58FAB4_definition.md,21,Arbre de la Création,V,Arbres d’Action & de Transformation
BRODY_GRAPHITI_READY_001611,AC00187383FB_tests.md,01,Arbre de l’Humain,I,Arbres Fondamentaux
BRODY_GRAPHITI_READY_001619,AD34E5B819FF_tests.md,24,Arbre de la Mémoire,VI,Arbres Temporels & Mémoriels
BRODY_GRAPHITI_READY_001620,AD4ACA83C069_examples_events.md,33,Arbre de l’Optimisation,VIII,Arbres liés à Obsidia / AGI
BRODY_GRAPHITI_READY_001625,ADEF9BEBE102_risks_confusions.md,32,Arbre des Connexions,VIII,Arbres liés à Obsidia / AGI
BRODY_GRAPHITI_READY_001650,B10DC07BCE20_examples_events.md,28,Arbre de la Valeur,VII,Arbres Méta-Structurels
BRODY_GRAPHITI_READY_001667,B29E7E277432_risks_confusions.md,07,Arbre de l’Organisation,II,Arbres Cognitifs
BRODY_GRAPHITI_READY_001671,B31504934F5E_activation_rules.md,03,Arbre de la Perception,I,Arbres Fondamentaux
BRODY_GRAPHITI_READY_001681,B4A7E763A506_activation_rules.md,33,Arbre de l’Optimisation,VIII,Arbres liés à Obsidia / AGI
BRODY_GRAPHITI_READY_001687,B507E01ACD7F_activation_rules.md,19,Arbre de la Culture,IV,Arbres Relationnels & Sociaux
BRODY_GRAPHITI_READY_001695,B5ED443FC716_definition.md,20,Arbre de l’Action,V,Arbres d’Action & de Transformation
BRODY_GRAPHITI_READY_001708,B7A40972F6A6_activation_rules.md,23,Arbre du Temps,VI,Arbres Temporels & Mémoriels
BRODY_GRAPHITI_READY_001714,B8D29765BE3D_risks_confusions.md,28,Arbre de la Valeur,VII,Arbres Méta-Structurels
BRODY_GRAPHITI_READY_001719,B9A9D1051F5A_definition.md,17,Arbre du Collectif,IV,Arbres Relationnels & Sociaux
BRODY_GRAPHITI_READY_001768,BA816ED72698_examples_events.md,12,Arbre de la Technique,III,Arbres de Connaissance
BRODY_GRAPHITI_READY_001788,BCF5E189990C_risks_confusions.md,14,Arbre de la Philosophie,III,Arbres de Connaissance
BRODY_GRAPHITI_READY_001831,C1A54A6FBFF7_tests.md,11,Arbre de la Science,III,Arbres de Connaissance
BRODY_GRAPHITI_READY_001832,C1BF07FD3F8B_README.md,33,Arbre de l’Optimisation,VIII,Arbres liés à Obsidia / AGI
BRODY_GRAPHITI_READY_001869,C70D94DB0843_activation_rules.md,25,Arbre de l’Histoire,VI,Arbres Temporels & Mémoriels
BRODY_GRAPHITI_READY_001878,C7C502251B13_README.md,32,Arbre des Connexions,VIII,Arbres liés à Obsidia / AGI
BRODY_GRAPHITI_READY_001896,CA147A254B76_examples_events.md,20,Arbre de l’Action,V,Arbres d’Action & de Transformation
BRODY_GRAPHITI_READY_001911,CC574A7DBB98_tests.md,09,Arbre de l’Intelligence,II,Arbres Cognitifs
BRODY_GRAPHITI_READY_001921,CD9BBA9744D2_README.md,26,Arbre de la Cohérence,VII,Arbres Méta-Structurels
BRODY_GRAPHITI_READY_001932,CEFD6653D72D_examples_events.md,09,Arbre de l’Intelligence,II,Arbres Cognitifs
BRODY_GRAPHITI_READY_001933,CF049B38E8E2_README.md,04,Arbre du Sens,I,Arbres Fondamentaux
BRODY_GRAPHITI_READY_001981,D407A01AB21C_definition.md,10,Arbre du Langage,II,Arbres Cognitifs
BRODY_GRAPHITI_READY_002006,D6C6FA702B6D_definition.md,08,Arbre de la Pensée,II,Arbres Cognitifs
BRODY_GRAPHITI_READY_002007,D6DD6F219508_risks_confusions.md,03,Arbre de la Perception,I,Arbres Fondamentaux
BRODY_GRAPHITI_READY_002030,D97136F20E63_definition.md,32,Arbre des Connexions,VIII,Arbres liés à Obsidia / AGI
BRODY_GRAPHITI_READY_002038,DAD00DBFF421_definition.md,31,Arbre des Flux,VIII,Arbres liés à Obsidia / AGI
BRODY_GRAPHITI_READY_002039,DB22CB31E55F_definition.md,14,Arbre de la Philosophie,III,Arbres de Connaissance
BRODY_GRAPHITI_READY_002048,DC35F6ED2E34_examples_events.md,31,Arbre des Flux,VIII,Arbres liés à Obsidia / AGI
BRODY_GRAPHITI_READY_002081,DF8E5E06E85D_arbres_34.diff.json,02,Arbre de la Conscience,I,Arbres Fondamentaux
BRODY_GRAPHITI_READY_002081,DF8E5E06E85D_arbres_34.diff.json,07,Arbre de l’Organisation,II,Arbres Cognitifs
BRODY_GRAPHITI_READY_002081,DF8E5E06E85D_arbres_34.diff.json,08,Arbre de la Pensée,II,Arbres Cognitifs
BRODY_GRAPHITI_READY_002081,DF8E5E06E85D_arbres_34.diff.json,10,Arbre du Langage,II,Arbres Cognitifs
BRODY_GRAPHITI_READY_002081,DF8E5E06E85D_arbres_34.diff.json,11,Arbre de la Science,III,Arbres de Connaissance
BRODY_GRAPHITI_READY_002081,DF8E5E06E85D_arbres_34.diff.json,12,Arbre de la Technique,III,Arbres de Connaissance
BRODY_GRAPHITI_READY_002081,DF8E5E06E85D_arbres_34.diff.json,14,Arbre de la Philosophie,III,Arbres de Connaissance
BRODY_GRAPHITI_READY_002081,DF8E5E06E85D_arbres_34.diff.json,16,Arbre de la Relation,IV,Arbres Relationnels & Sociaux
BRODY_GRAPHITI_READY_002081,DF8E5E06E85D_arbres_34.diff.json,19,Arbre de la Culture,IV,Arbres Relationnels & Sociaux
BRODY_GRAPHITI_READY_002081,DF8E5E06E85D_arbres_34.diff.json,20,Arbre de l’Action,V,Arbres d’Action & de Transformation
BRODY_GRAPHITI_READY_002081,DF8E5E06E85D_arbres_34.diff.json,21,Arbre de la Création,V,Arbres d’Action & de Transformation
BRODY_GRAPHITI_READY_002081,DF8E5E06E85D_arbres_34.diff.json,23,Arbre du Temps,VI,Arbres Temporels & Mémoriels
BRODY_GRAPHITI_READY_002081,DF8E5E06E85D_arbres_34.diff.json,24,Arbre de la Mémoire,VI,Arbres Temporels & Mémoriels
BRODY_GRAPHITI_READY_002081,DF8E5E06E85D_arbres_34.diff.json,26,Arbre de la Cohérence,VII,Arbres Méta-Structurels
BRODY_GRAPHITI_READY_002081,DF8E5E06E85D_arbres_34.diff.json,29,Arbre de la Finalité,VII,Arbres Méta-Structurels
BRODY_GRAPHITI_READY_002081,DF8E5E06E85D_arbres_34.diff.json,34,Arbre de la Stabilité,VIII,Arbres liés à Obsidia / AGI
BRODY_GRAPHITI_READY_002083,DFBB3D57D640_examples_events.md,03,Arbre de la Perception,I,Arbres Fondamentaux
BRODY_GRAPHITI_READY_002122,E3D0276664DE_definition.md,13,Arbre de l’Art,III,Arbres de Connaissance
BRODY_GRAPHITI_READY_002146,E5E6D2A6AC81_examples_events.md,02,Arbre de la Conscience,I,Arbres Fondamentaux
BRODY_GRAPHITI_READY_002156,E7935E387FDB_README.md,06,Arbre de la Compréhension,II,Arbres Cognitifs
BRODY_GRAPHITI_READY_002158,E7C4A7AC902E_README.md,22,Arbre de la Transformation,V,Arbres d’Action & de Transformation
BRODY_GRAPHITI_READY_002179,EA53BDCAA39A_examples_events.md,10,Arbre du Langage,II,Arbres Cognitifs
BRODY_GRAPHITI_READY_002210,EDF333F6879B_README.md,27,Arbre de la Vérité,VII,Arbres Méta-Structurels
BRODY_GRAPHITI_READY_002221,EF6AAF226E3B_activation_rules.md,01,Arbre de l’Humain,I,Arbres Fondamentaux
BRODY_GRAPHITI_READY_002226,EFC2C80ABF4E_Architecture d'Obsidia _ Fusion des 34 Arbres et HexaFlux.docx,08,Arbre de la Pensée,II,Arbres Cognitifs
BRODY_GRAPHITI_READY_002237,F0F28960370A_README.md,30,Arbre Cognitif Global,VIII,Arbres liés à Obsidia / AGI
BRODY_GRAPHITI_READY_002246,F1C2F78E2677_risks_confusions.md,23,Arbre du Temps,VI,Arbres Temporels & Mémoriels
BRODY_GRAPHITI_READY_002274,F6719FC7C2A2_activation_rules.md,08,Arbre de la Pensée,II,Arbres Cognitifs
BRODY_GRAPHITI_READY_002278,F701EB8E5069_Obsidia - Souverainete Cognitive et Protocole MCP.docx,20,Arbre de l’Action,V,Arbres d’Action & de Transformation
BRODY_GRAPHITI_READY_002278,F701EB8E5069_Obsidia - Souverainete Cognitive et Protocole MCP.docx,26,Arbre de la Cohérence,VII,Arbres Méta-Structurels
BRODY_GRAPHITI_READY_002278,F701EB8E5069_Obsidia - Souverainete Cognitive et Protocole MCP.docx,27,Arbre de la Vérité,VII,Arbres Méta-Structurels
BRODY_GRAPHITI_READY_002298,F900FE70D814_arbres_34.raw_image.json,01,Arbre de l’Humain,I,Arbres Fondamentaux
BRODY_GRAPHITI_READY_002298,F900FE70D814_arbres_34.raw_image.json,02,Arbre de la Conscience,I,Arbres Fondamentaux
BRODY_GRAPHITI_READY_002298,F900FE70D814_arbres_34.raw_image.json,03,Arbre de la Perception,I,Arbres Fondamentaux
BRODY_GRAPHITI_READY_002298,F900FE70D814_arbres_34.raw_image.json,04,Arbre du Sens,I,Arbres Fondamentaux
BRODY_GRAPHITI_READY_002298,F900FE70D814_arbres_34.raw_image.json,05,Arbre de l’Identité,I,Arbres Fondamentaux
BRODY_GRAPHITI_READY_002298,F900FE70D814_arbres_34.raw_image.json,06,Arbre de la Compréhension,II,Arbres Cognitifs
BRODY_GRAPHITI_READY_002298,F900FE70D814_arbres_34.raw_image.json,07,Arbre de l’Organisation,II,Arbres Cognitifs
BRODY_GRAPHITI_READY_002298,F900FE70D814_arbres_34.raw_image.json,08,Arbre de la Pensée,II,Arbres Cognitifs
BRODY_GRAPHITI_READY_002298,F900FE70D814_arbres_34.raw_image.json,09,Arbre de l’Intelligence,II,Arbres Cognitifs
BRODY_GRAPHITI_READY_002298,F900FE70D814_arbres_34.raw_image.json,11,Arbre de la Science,III,Arbres de Connaissance
BRODY_GRAPHITI_READY_002298,F900FE70D814_arbres_34.raw_image.json,12,Arbre de la Technique,III,Arbres de Connaissance
BRODY_GRAPHITI_READY_002298,F900FE70D814_arbres_34.raw_image.json,13,Arbre de l’Art,III,Arbres de Connaissance
BRODY_GRAPHITI_READY_002298,F900FE70D814_arbres_34.raw_image.json,15,Arbre de la Spiritualité,III,Arbres de Connaissance
BRODY_GRAPHITI_READY_002298,F900FE70D814_arbres_34.raw_image.json,16,Arbre de la Relation,IV,Arbres Relationnels & Sociaux
BRODY_GRAPHITI_READY_002298,F900FE70D814_arbres_34.raw_image.json,17,Arbre du Collectif,IV,Arbres Relationnels & Sociaux
BRODY_GRAPHITI_READY_002298,F900FE70D814_arbres_34.raw_image.json,18,Arbre de la Transmission,IV,Arbres Relationnels & Sociaux
BRODY_GRAPHITI_READY_002298,F900FE70D814_arbres_34.raw_image.json,19,Arbre de la Culture,IV,Arbres Relationnels & Sociaux
BRODY_GRAPHITI_READY_002298,F900FE70D814_arbres_34.raw_image.json,20,Arbre de l’Action,V,Arbres d’Action & de Transformation
BRODY_GRAPHITI_READY_002330,FC76F5964CD0_risks_confusions.md,04,Arbre du Sens,I,Arbres Fondamentaux
BRODY_GRAPHITI_READY_002332,FCA22631120B_tests.md,18,Arbre de la Transmission,IV,Arbres Relationnels & Sociaux
BRODY_GRAPHITI_READY_002360,FFC9F20E29C0_activation_rules.md,15,Arbre de la Spiritualité,III,Arbres de Connaissance
