dry_run_id,node_id,title,matched_tree_id,matched_family_id,matched_signal_type,confidence_source_based,plan_category
PATH_B_DRY_0008,GRAPHITI_V2_002694,activation_rules.md,T13,III_CONNAISSANCE,PATH_SLUG,0.98,CANDIDATE_PATH_SLUG
PATH_B_DRY_0009,GRAPHITI_V2_002695,definition.md,T13,III_CONNAISSANCE,PATH_SLUG,0.98,CANDIDATE_PATH_SLUG
PATH_B_DRY_0010,GRAPHITI_V2_002696,examples_events.md,T13,III_CONNAISSANCE,PATH_SLUG,0.98,CANDIDATE_PATH_SLUG
PATH_B_DRY_0011,GRAPHITI_V2_002697,links_to_other_trees.json,T13,III_CONNAISSANCE,PATH_SLUG,0.98,CANDIDATE_PATH_SLUG
PATH_B_DRY_0012,GRAPHITI_V2_002698,node_registry.json,T13,III_CONNAISSANCE,PATH_SLUG,0.98,CANDIDATE_PATH_SLUG
PATH_B_DRY_0013,GRAPHITI_V2_002699,README.md,T13,III_CONNAISSANCE,PATH_SLUG,0.98,CANDIDATE_PATH_SLUG
PATH_B_DRY_0014,GRAPHITI_V2_002700,risks_confusions.md,T13,III_CONNAISSANCE,PATH_SLUG,0.98,CANDIDATE_PATH_SLUG
PATH_B_DRY_0015,GRAPHITI_V2_002701,tensor_coordinates.json,T13,III_CONNAISSANCE,PATH_SLUG,0.98,CANDIDATE_PATH_SLUG
PATH_B_DRY_0016,GRAPHITI_V2_002702,tests.md,T13,III_CONNAISSANCE,PATH_SLUG,0.98,CANDIDATE_PATH_SLUG
PATH_B_DRY_0025,GRAPHITI_V2_002703,activation_rules.md,T14,III_CONNAISSANCE,PATH_SLUG,0.98,CANDIDATE_PATH_SLUG
PATH_B_DRY_0026,GRAPHITI_V2_002704,definition.md,T14,III_CONNAISSANCE,PATH_SLUG,0.98,CANDIDATE_PATH_SLUG
PATH_B_DRY_0027,GRAPHITI_V2_002705,examples_events.md,T14,III_CONNAISSANCE,PATH_SLUG,0.98,CANDIDATE_PATH_SLUG
PATH_B_DRY_0028,GRAPHITI_V2_002706,links_to_other_trees.json,T14,III_CONNAISSANCE,PATH_SLUG,0.98,CANDIDATE_PATH_SLUG
PATH_B_DRY_0029,GRAPHITI_V2_002707,node_registry.json,T14,III_CONNAISSANCE,PATH_SLUG,0.98,CANDIDATE_PATH_SLUG
PATH_B_DRY_0030,GRAPHITI_V2_002708,README.md,T14,III_CONNAISSANCE,PATH_SLUG,0.98,CANDIDATE_PATH_SLUG
PATH_B_DRY_0031,GRAPHITI_V2_002709,risks_confusions.md,T14,III_CONNAISSANCE,PATH_SLUG,0.98,CANDIDATE_PATH_SLUG
PATH_B_DRY_0032,GRAPHITI_V2_002710,tensor_coordinates.json,T14,III_CONNAISSANCE,PATH_SLUG,0.98,CANDIDATE_PATH_SLUG
PATH_B_DRY_0033,GRAPHITI_V2_002711,tests.md,T14,III_CONNAISSANCE,PATH_SLUG,0.98,CANDIDATE_PATH_SLUG
PATH_B_DRY_0042,GRAPHITI_V2_002712,activation_rules.md,T15,III_CONNAISSANCE,PATH_SLUG,0.98,CANDIDATE_PATH_SLUG
PATH_B_DRY_0043,GRAPHITI_V2_002713,definition.md,T15,III_CONNAISSANCE,PATH_SLUG,0.98,CANDIDATE_PATH_SLUG
PATH_B_DRY_0044,GRAPHITI_V2_002714,examples_events.md,T15,III_CONNAISSANCE,PATH_SLUG,0.98,CANDIDATE_PATH_SLUG
PATH_B_DRY_0045,GRAPHITI_V2_002715,links_to_other_trees.json,T15,III_CONNAISSANCE,PATH_SLUG,0.98,CANDIDATE_PATH_SLUG
PATH_B_DRY_0046,GRAPHITI_V2_002716,node_registry.json,T15,III_CONNAISSANCE,PATH_SLUG,0.98,CANDIDATE_PATH_SLUG
PATH_B_DRY_0047,GRAPHITI_V2_002717,README.md,T15,III_CONNAISSANCE,PATH_SLUG,0.98,CANDIDATE_PATH_SLUG
PATH_B_DRY_0048,GRAPHITI_V2_002718,risks_confusions.md,T15,III_CONNAISSANCE,PATH_SLUG,0.98,CANDIDATE_PATH_SLUG
PATH_B_DRY_0049,GRAPHITI_V2_002719,tensor_coordinates.json,T15,III_CONNAISSANCE,PATH_SLUG,0.98,CANDIDATE_PATH_SLUG
PATH_B_DRY_0050,GRAPHITI_V2_002720,tests.md,T15,III_CONNAISSANCE,PATH_SLUG,0.98,CANDIDATE_PATH_SLUG
PATH_B_DRY_0059,GRAPHITI_V2_002721,activation_rules.md,T16,IV_RELATIONNELS_SOCIAUX,PATH_SLUG,0.98,CANDIDATE_PATH_SLUG
PATH_B_DRY_0060,GRAPHITI_V2_002722,definition.md,T16,IV_RELATIONNELS_SOCIAUX,PATH_SLUG,0.98,CANDIDATE_PATH_SLUG
PATH_B_DRY_0061,GRAPHITI_V2_002723,examples_events.md,T16,IV_RELATIONNELS_SOCIAUX,PATH_SLUG,0.98,CANDIDATE_PATH_SLUG
PATH_B_DRY_0062,GRAPHITI_V2_002724,links_to_other_trees.json,T16,IV_RELATIONNELS_SOCIAUX,PATH_SLUG,0.98,CANDIDATE_PATH_SLUG
PATH_B_DRY_0063,GRAPHITI_V2_002725,node_registry.json,T16,IV_RELATIONNELS_SOCIAUX,PATH_SLUG,0.98,CANDIDATE_PATH_SLUG
PATH_B_DRY_0064,GRAPHITI_V2_002726,README.md,T16,IV_RELATIONNELS_SOCIAUX,PATH_SLUG,0.98,CANDIDATE_PATH_SLUG
PATH_B_DRY_0065,GRAPHITI_V2_002727,risks_confusions.md,T16,IV_RELATIONNELS_SOCIAUX,PATH_SLUG,0.98,CANDIDATE_PATH_SLUG
PATH_B_DRY_0066,GRAPHITI_V2_002728,tensor_coordinates.json,T16,IV_RELATIONNELS_SOCIAUX,PATH_SLUG,0.98,CANDIDATE_PATH_SLUG
PATH_B_DRY_0067,GRAPHITI_V2_002729,tests.md,T16,IV_RELATIONNELS_SOCIAUX,PATH_SLUG,0.98,CANDIDATE_PATH_SLUG
PATH_B_DRY_0076,GRAPHITI_V2_002730,activation_rules.md,T17,IV_RELATIONNELS_SOCIAUX,PATH_SLUG,0.98,CANDIDATE_PATH_SLUG
PATH_B_DRY_0077,GRAPHITI_V2_002731,definition.md,T17,IV_RELATIONNELS_SOCIAUX,PATH_SLUG,0.98,CANDIDATE_PATH_SLUG
PATH_B_DRY_0078,GRAPHITI_V2_002732,examples_events.md,T17,IV_RELATIONNELS_SOCIAUX,PATH_SLUG,0.98,CANDIDATE_PATH_SLUG
PATH_B_DRY_0079,GRAPHITI_V2_002733,links_to_other_trees.json,T17,IV_RELATIONNELS_SOCIAUX,PATH_SLUG,0.98,CANDIDATE_PATH_SLUG
PATH_B_DRY_0080,GRAPHITI_V2_002734,node_registry.json,T17,IV_RELATIONNELS_SOCIAUX,PATH_SLUG,0.98,CANDIDATE_PATH_SLUG
PATH_B_DRY_0081,GRAPHITI_V2_002735,README.md,T17,IV_RELATIONNELS_SOCIAUX,PATH_SLUG,0.98,CANDIDATE_PATH_SLUG
PATH_B_DRY_0082,GRAPHITI_V2_002736,risks_confusions.md,T17,IV_RELATIONNELS_SOCIAUX,PATH_SLUG,0.98,CANDIDATE_PATH_SLUG
PATH_B_DRY_0083,GRAPHITI_V2_002737,tensor_coordinates.json,T17,IV_RELATIONNELS_SOCIAUX,PATH_SLUG,0.98,CANDIDATE_PATH_SLUG
PATH_B_DRY_0084,GRAPHITI_V2_002738,tests.md,T17,IV_RELATIONNELS_SOCIAUX,PATH_SLUG,0.98,CANDIDATE_PATH_SLUG
PATH_B_DRY_0094,GRAPHITI_V2_002739,activation_rules.md,T18,IV_RELATIONNELS_SOCIAUX,PATH_SLUG,0.98,CANDIDATE_PATH_SLUG
PATH_B_DRY_0095,GRAPHITI_V2_002740,definition.md,T18,IV_RELATIONNELS_SOCIAUX,PATH_SLUG,0.98,CANDIDATE_PATH_SLUG
PATH_B_DRY_0096,GRAPHITI_V2_002741,examples_events.md,T18,IV_RELATIONNELS_SOCIAUX,PATH_SLUG,0.98,CANDIDATE_PATH_SLUG
PATH_B_DRY_0097,GRAPHITI_V2_002742,links_to_other_trees.json,T18,IV_RELATIONNELS_SOCIAUX,PATH_SLUG,0.98,CANDIDATE_PATH_SLUG
PATH_B_DRY_0098,GRAPHITI_V2_002743,node_registry.json,T18,IV_RELATIONNELS_SOCIAUX,PATH_SLUG,0.98,CANDIDATE_PATH_SLUG
PATH_B_DRY_0099,GRAPHITI_V2_002744,README.md,T18,IV_RELATIONNELS_SOCIAUX,PATH_SLUG,0.98,CANDIDATE_PATH_SLUG
PATH_B_DRY_0100,GRAPHITI_V2_002745,risks_confusions.md,T18,IV_RELATIONNELS_SOCIAUX,PATH_SLUG,0.98,CANDIDATE_PATH_SLUG
PATH_B_DRY_0101,GRAPHITI_V2_002746,tensor_coordinates.json,T18,IV_RELATIONNELS_SOCIAUX,PATH_SLUG,0.98,CANDIDATE_PATH_SLUG
PATH_B_DRY_0102,GRAPHITI_V2_002747,tests.md,T18,IV_RELATIONNELS_SOCIAUX,PATH_SLUG,0.98,CANDIDATE_PATH_SLUG
PATH_B_DRY_0110,GRAPHITI_V2_002748,activation_rules.md,T19,IV_RELATIONNELS_SOCIAUX,PATH_SLUG,0.98,CANDIDATE_PATH_SLUG
PATH_B_DRY_0111,GRAPHITI_V2_002749,definition.md,T19,IV_RELATIONNELS_SOCIAUX,PATH_SLUG,0.98,CANDIDATE_PATH_SLUG
PATH_B_DRY_0112,GRAPHITI_V2_002750,examples_events.md,T19,IV_RELATIONNELS_SOCIAUX,PATH_SLUG,0.98,CANDIDATE_PATH_SLUG
PATH_B_DRY_0113,GRAPHITI_V2_002751,links_to_other_trees.json,T19,IV_RELATIONNELS_SOCIAUX,PATH_SLUG,0.98,CANDIDATE_PATH_SLUG
PATH_B_DRY_0114,GRAPHITI_V2_002752,node_registry.json,T19,IV_RELATIONNELS_SOCIAUX,PATH_SLUG,0.98,CANDIDATE_PATH_SLUG
PATH_B_DRY_0115,GRAPHITI_V2_002753,README.md,T19,IV_RELATIONNELS_SOCIAUX,PATH_SLUG,0.98,CANDIDATE_PATH_SLUG
PATH_B_DRY_0116,GRAPHITI_V2_002754,risks_confusions.md,T19,IV_RELATIONNELS_SOCIAUX,PATH_SLUG,0.98,CANDIDATE_PATH_SLUG
PATH_B_DRY_0117,GRAPHITI_V2_002755,tensor_coordinates.json,T19,IV_RELATIONNELS_SOCIAUX,PATH_SLUG,0.98,CANDIDATE_PATH_SLUG
PATH_B_DRY_0118,GRAPHITI_V2_002756,tests.md,T19,IV_RELATIONNELS_SOCIAUX,PATH_SLUG,0.98,CANDIDATE_PATH_SLUG
PATH_B_DRY_0174,GRAPHITI_V2_002784,activation_rules.md,T23,VI_TEMPORELS_MEMORIELS,PATH_SLUG,0.98,CANDIDATE_PATH_SLUG
PATH_B_DRY_0175,GRAPHITI_V2_002785,definition.md,T23,VI_TEMPORELS_MEMORIELS,PATH_SLUG,0.98,CANDIDATE_PATH_SLUG
PATH_B_DRY_0176,GRAPHITI_V2_002786,examples_events.md,T23,VI_TEMPORELS_MEMORIELS,PATH_SLUG,0.98,CANDIDATE_PATH_SLUG
PATH_B_DRY_0177,GRAPHITI_V2_002787,links_to_other_trees.json,T23,VI_TEMPORELS_MEMORIELS,PATH_SLUG,0.98,CANDIDATE_PATH_SLUG
PATH_B_DRY_0178,GRAPHITI_V2_002788,node_registry.json,T23,VI_TEMPORELS_MEMORIELS,PATH_SLUG,0.98,CANDIDATE_PATH_SLUG
PATH_B_DRY_0179,GRAPHITI_V2_002789,README.md,T23,VI_TEMPORELS_MEMORIELS,PATH_SLUG,0.98,CANDIDATE_PATH_SLUG
PATH_B_DRY_0180,GRAPHITI_V2_002790,risks_confusions.md,T23,VI_TEMPORELS_MEMORIELS,PATH_SLUG,0.98,CANDIDATE_PATH_SLUG
PATH_B_DRY_0181,GRAPHITI_V2_002791,tensor_coordinates.json,T23,VI_TEMPORELS_MEMORIELS,PATH_SLUG,0.98,CANDIDATE_PATH_SLUG
PATH_B_DRY_0182,GRAPHITI_V2_002792,tests.md,T23,VI_TEMPORELS_MEMORIELS,PATH_SLUG,0.98,CANDIDATE_PATH_SLUG
PATH_B_DRY_0207,GRAPHITI_V2_002802,activation_rules.md,T25,VI_TEMPORELS_MEMORIELS,PATH_SLUG,0.98,CANDIDATE_PATH_SLUG
PATH_B_DRY_0208,GRAPHITI_V2_002803,definition.md,T25,VI_TEMPORELS_MEMORIELS,PATH_SLUG,0.98,CANDIDATE_PATH_SLUG
PATH_B_DRY_0209,GRAPHITI_V2_002804,examples_events.md,T25,VI_TEMPORELS_MEMORIELS,PATH_SLUG,0.98,CANDIDATE_PATH_SLUG
PATH_B_DRY_0210,GRAPHITI_V2_002805,links_to_other_trees.json,T25,VI_TEMPORELS_MEMORIELS,PATH_SLUG,0.98,CANDIDATE_PATH_SLUG
PATH_B_DRY_0211,GRAPHITI_V2_002806,node_registry.json,T25,VI_TEMPORELS_MEMORIELS,PATH_SLUG,0.98,CANDIDATE_PATH_SLUG
PATH_B_DRY_0212,GRAPHITI_V2_002807,README.md,T25,VI_TEMPORELS_MEMORIELS,PATH_SLUG,0.98,CANDIDATE_PATH_SLUG
PATH_B_DRY_0213,GRAPHITI_V2_002808,risks_confusions.md,T25,VI_TEMPORELS_MEMORIELS,PATH_SLUG,0.98,CANDIDATE_PATH_SLUG
PATH_B_DRY_0214,GRAPHITI_V2_002809,tensor_coordinates.json,T25,VI_TEMPORELS_MEMORIELS,PATH_SLUG,0.98,CANDIDATE_PATH_SLUG
PATH_B_DRY_0215,GRAPHITI_V2_002810,tests.md,T25,VI_TEMPORELS_MEMORIELS,PATH_SLUG,0.98,CANDIDATE_PATH_SLUG
PATH_B_DRY_0224,GRAPHITI_V2_002811,activation_rules.md,T26,VII_META_STRUCTURELS,PATH_SLUG,0.98,CANDIDATE_PATH_SLUG
PATH_B_DRY_0225,GRAPHITI_V2_002812,definition.md,T26,VII_META_STRUCTURELS,PATH_SLUG,0.98,CANDIDATE_PATH_SLUG
PATH_B_DRY_0226,GRAPHITI_V2_002813,examples_events.md,T26,VII_META_STRUCTURELS,PATH_SLUG,0.98,CANDIDATE_PATH_SLUG
PATH_B_DRY_0227,GRAPHITI_V2_002814,links_to_other_trees.json,T26,VII_META_STRUCTURELS,PATH_SLUG,0.98,CANDIDATE_PATH_SLUG
PATH_B_DRY_0228,GRAPHITI_V2_002815,node_registry.json,T26,VII_META_STRUCTURELS,PATH_SLUG,0.98,CANDIDATE_PATH_SLUG
PATH_B_DRY_0229,GRAPHITI_V2_002816,README.md,T26,VII_META_STRUCTURELS,PATH_SLUG,0.98,CANDIDATE_PATH_SLUG
PATH_B_DRY_0230,GRAPHITI_V2_002817,risks_confusions.md,T26,VII_META_STRUCTURELS,PATH_SLUG,0.98,CANDIDATE_PATH_SLUG
PATH_B_DRY_0231,GRAPHITI_V2_002818,tensor_coordinates.json,T26,VII_META_STRUCTURELS,PATH_SLUG,0.98,CANDIDATE_PATH_SLUG
PATH_B_DRY_0232,GRAPHITI_V2_002819,tests.md,T26,VII_META_STRUCTURELS,PATH_SLUG,0.98,CANDIDATE_PATH_SLUG
PATH_B_DRY_0240,GRAPHITI_V2_002820,activation_rules.md,T27,VII_META_STRUCTURELS,PATH_SLUG,0.98,CANDIDATE_PATH_SLUG
PATH_B_DRY_0241,GRAPHITI_V2_002821,definition.md,T27,VII_META_STRUCTURELS,PATH_SLUG,0.98,CANDIDATE_PATH_SLUG
PATH_B_DRY_0242,GRAPHITI_V2_002822,examples_events.md,T27,VII_META_STRUCTURELS,PATH_SLUG,0.98,CANDIDATE_PATH_SLUG
PATH_B_DRY_0243,GRAPHITI_V2_002823,links_to_other_trees.json,T27,VII_META_STRUCTURELS,PATH_SLUG,0.98,CANDIDATE_PATH_SLUG
PATH_B_DRY_0244,GRAPHITI_V2_002824,node_registry.json,T27,VII_META_STRUCTURELS,PATH_SLUG,0.98,CANDIDATE_PATH_SLUG
PATH_B_DRY_0245,GRAPHITI_V2_002825,README.md,T27,VII_META_STRUCTURELS,PATH_SLUG,0.98,CANDIDATE_PATH_SLUG
PATH_B_DRY_0246,GRAPHITI_V2_002826,risks_confusions.md,T27,VII_META_STRUCTURELS,PATH_SLUG,0.98,CANDIDATE_PATH_SLUG
PATH_B_DRY_0247,GRAPHITI_V2_002827,tensor_coordinates.json,T27,VII_META_STRUCTURELS,PATH_SLUG,0.98,CANDIDATE_PATH_SLUG
PATH_B_DRY_0248,GRAPHITI_V2_002828,tests.md,T27,VII_META_STRUCTURELS,PATH_SLUG,0.98,CANDIDATE_PATH_SLUG
PATH_B_DRY_0256,GRAPHITI_V2_002829,activation_rules.md,T28,VII_META_STRUCTURELS,PATH_SLUG,0.98,CANDIDATE_PATH_SLUG
PATH_B_DRY_0257,GRAPHITI_V2_002830,definition.md,T28,VII_META_STRUCTURELS,PATH_SLUG,0.98,CANDIDATE_PATH_SLUG
PATH_B_DRY_0258,GRAPHITI_V2_002831,examples_events.md,T28,VII_META_STRUCTURELS,PATH_SLUG,0.98,CANDIDATE_PATH_SLUG
PATH_B_DRY_0259,GRAPHITI_V2_002832,links_to_other_trees.json,T28,VII_META_STRUCTURELS,PATH_SLUG,0.98,CANDIDATE_PATH_SLUG
PATH_B_DRY_0260,GRAPHITI_V2_002833,node_registry.json,T28,VII_META_STRUCTURELS,PATH_SLUG,0.98,CANDIDATE_PATH_SLUG
PATH_B_DRY_0261,GRAPHITI_V2_002834,README.md,T28,VII_META_STRUCTURELS,PATH_SLUG,0.98,CANDIDATE_PATH_SLUG
PATH_B_DRY_0262,GRAPHITI_V2_002835,risks_confusions.md,T28,VII_META_STRUCTURELS,PATH_SLUG,0.98,CANDIDATE_PATH_SLUG
PATH_B_DRY_0263,GRAPHITI_V2_002836,tensor_coordinates.json,T28,VII_META_STRUCTURELS,PATH_SLUG,0.98,CANDIDATE_PATH_SLUG
PATH_B_DRY_0264,GRAPHITI_V2_002837,tests.md,T28,VII_META_STRUCTURELS,PATH_SLUG,0.98,CANDIDATE_PATH_SLUG
PATH_B_DRY_0272,GRAPHITI_V2_002838,activation_rules.md,T29,VII_META_STRUCTURELS,PATH_SLUG,0.98,CANDIDATE_PATH_SLUG
PATH_B_DRY_0273,GRAPHITI_V2_002839,definition.md,T29,VII_META_STRUCTURELS,PATH_SLUG,0.98,CANDIDATE_PATH_SLUG
PATH_B_DRY_0274,GRAPHITI_V2_002840,examples_events.md,T29,VII_META_STRUCTURELS,PATH_SLUG,0.98,CANDIDATE_PATH_SLUG
PATH_B_DRY_0275,GRAPHITI_V2_002841,links_to_other_trees.json,T29,VII_META_STRUCTURELS,PATH_SLUG,0.98,CANDIDATE_PATH_SLUG
PATH_B_DRY_0276,GRAPHITI_V2_002842,node_registry.json,T29,VII_META_STRUCTURELS,PATH_SLUG,0.98,CANDIDATE_PATH_SLUG
PATH_B_DRY_0277,GRAPHITI_V2_002843,README.md,T29,VII_META_STRUCTURELS,PATH_SLUG,0.98,CANDIDATE_PATH_SLUG
PATH_B_DRY_0278,GRAPHITI_V2_002844,risks_confusions.md,T29,VII_META_STRUCTURELS,PATH_SLUG,0.98,CANDIDATE_PATH_SLUG
PATH_B_DRY_0279,GRAPHITI_V2_002845,tensor_coordinates.json,T29,VII_META_STRUCTURELS,PATH_SLUG,0.98,CANDIDATE_PATH_SLUG
PATH_B_DRY_0280,GRAPHITI_V2_002846,tests.md,T29,VII_META_STRUCTURELS,PATH_SLUG,0.98,CANDIDATE_PATH_SLUG
PATH_B_DRY_0001,GRAPHITI_V2_000012,020411D2C4F3_risks_confusions.md,T13,III_CONNAISSANCE,TEXT_PREVIEW_SLUG,0.88,CANDIDATE_TP_GENUINE
PATH_B_DRY_0002,GRAPHITI_V2_000315,1E915A0EC22D_examples_events.md,T13,III_CONNAISSANCE,TEXT_PREVIEW_SLUG,0.88,CANDIDATE_TP_GENUINE
PATH_B_DRY_0003,GRAPHITI_V2_000379,249F4788A572_tests.md,T13,III_CONNAISSANCE,TEXT_PREVIEW_SLUG,0.88,CANDIDATE_TP_GENUINE
PATH_B_DRY_0004,GRAPHITI_V2_001557,A6CB8AB83AC3_activation_rules.md,T13,III_CONNAISSANCE,TEXT_PREVIEW_SLUG,0.88,CANDIDATE_TP_GENUINE
PATH_B_DRY_0005,GRAPHITI_V2_001572,A7F03C78A85C_README.md,T13,III_CONNAISSANCE,TEXT_PREVIEW_SLUG,0.88,CANDIDATE_TP_GENUINE
PATH_B_DRY_0006,GRAPHITI_V2_002122,E3D0276664DE_definition.md,T13,III_CONNAISSANCE,TEXT_PREVIEW_SLUG,0.88,CANDIDATE_TP_GENUINE
PATH_B_DRY_0018,GRAPHITI_V2_000358,2234803A5351_README.md,T14,III_CONNAISSANCE,TEXT_PREVIEW_SLUG,0.88,CANDIDATE_TP_GENUINE
PATH_B_DRY_0019,GRAPHITI_V2_000818,5962C710EAEE_tests.md,T14,III_CONNAISSANCE,TEXT_PREVIEW_SLUG,0.88,CANDIDATE_TP_GENUINE
PATH_B_DRY_0020,GRAPHITI_V2_001365,919BDDFA2213_examples_events.md,T14,III_CONNAISSANCE,TEXT_PREVIEW_SLUG,0.88,CANDIDATE_TP_GENUINE
PATH_B_DRY_0021,GRAPHITI_V2_001389,938F45778F0D_activation_rules.md,T14,III_CONNAISSANCE,TEXT_PREVIEW_SLUG,0.88,CANDIDATE_TP_GENUINE
PATH_B_DRY_0022,GRAPHITI_V2_001788,BCF5E189990C_risks_confusions.md,T14,III_CONNAISSANCE,TEXT_PREVIEW_SLUG,0.88,CANDIDATE_TP_GENUINE
PATH_B_DRY_0023,GRAPHITI_V2_002039,DB22CB31E55F_definition.md,T14,III_CONNAISSANCE,TEXT_PREVIEW_SLUG,0.88,CANDIDATE_TP_GENUINE
PATH_B_DRY_0035,GRAPHITI_V2_000084,0A478B3F52A1_README.md,T15,III_CONNAISSANCE,TEXT_PREVIEW_SLUG,0.88,CANDIDATE_TP_GENUINE
PATH_B_DRY_0036,GRAPHITI_V2_000363,227ADFC3F426_examples_events.md,T15,III_CONNAISSANCE,TEXT_PREVIEW_SLUG,0.88,CANDIDATE_TP_GENUINE
PATH_B_DRY_0037,GRAPHITI_V2_000622,3E8DBBFC8A07_definition.md,T15,III_CONNAISSANCE,TEXT_PREVIEW_SLUG,0.88,CANDIDATE_TP_GENUINE
PATH_B_DRY_0038,GRAPHITI_V2_000927,6464914644BC_tests.md,T15,III_CONNAISSANCE,TEXT_PREVIEW_SLUG,0.88,CANDIDATE_TP_GENUINE
PATH_B_DRY_0039,GRAPHITI_V2_001490,9FFD414E1403_risks_confusions.md,T15,III_CONNAISSANCE,TEXT_PREVIEW_SLUG,0.88,CANDIDATE_TP_GENUINE
PATH_B_DRY_0040,GRAPHITI_V2_002360,FFC9F20E29C0_activation_rules.md,T15,III_CONNAISSANCE,TEXT_PREVIEW_SLUG,0.88,CANDIDATE_TP_GENUINE
PATH_B_DRY_0052,GRAPHITI_V2_000007,019474B53D36_README.md,T16,IV_RELATIONNELS_SOCIAUX,TEXT_PREVIEW_SLUG,0.88,CANDIDATE_TP_GENUINE
PATH_B_DRY_0053,GRAPHITI_V2_000062,0871679F3710_tests.md,T16,IV_RELATIONNELS_SOCIAUX,TEXT_PREVIEW_SLUG,0.88,CANDIDATE_TP_GENUINE
PATH_B_DRY_0054,GRAPHITI_V2_000347,217DF55F426D_risks_confusions.md,T16,IV_RELATIONNELS_SOCIAUX,TEXT_PREVIEW_SLUG,0.88,CANDIDATE_TP_GENUINE
PATH_B_DRY_0055,GRAPHITI_V2_000416,2865A246A9F4_activation_rules.md,T16,IV_RELATIONNELS_SOCIAUX,TEXT_PREVIEW_SLUG,0.88,CANDIDATE_TP_GENUINE
PATH_B_DRY_0056,GRAPHITI_V2_001351,9046BE559FA9_definition.md,T16,IV_RELATIONNELS_SOCIAUX,TEXT_PREVIEW_SLUG,0.88,CANDIDATE_TP_GENUINE
PATH_B_DRY_0057,GRAPHITI_V2_001462,9DFB36703B05_examples_events.md,T16,IV_RELATIONNELS_SOCIAUX,TEXT_PREVIEW_SLUG,0.88,CANDIDATE_TP_GENUINE
PATH_B_DRY_0069,GRAPHITI_V2_000116,0CB849B3413D_tests.md,T17,IV_RELATIONNELS_SOCIAUX,TEXT_PREVIEW_SLUG,0.88,CANDIDATE_TP_GENUINE
PATH_B_DRY_0070,GRAPHITI_V2_000843,5CA8C8C39A46_risks_confusions.md,T17,IV_RELATIONNELS_SOCIAUX,TEXT_PREVIEW_SLUG,0.88,CANDIDATE_TP_GENUINE
PATH_B_DRY_0071,GRAPHITI_V2_000866,5D15042683ED_activation_rules.md,T17,IV_RELATIONNELS_SOCIAUX,TEXT_PREVIEW_SLUG,0.88,CANDIDATE_TP_GENUINE
PATH_B_DRY_0072,GRAPHITI_V2_001253,857DA30340D5_examples_events.md,T17,IV_RELATIONNELS_SOCIAUX,TEXT_PREVIEW_SLUG,0.88,CANDIDATE_TP_GENUINE
PATH_B_DRY_0073,GRAPHITI_V2_001531,A483FB5F57E9_README.md,T17,IV_RELATIONNELS_SOCIAUX,TEXT_PREVIEW_SLUG,0.88,CANDIDATE_TP_GENUINE
PATH_B_DRY_0074,GRAPHITI_V2_001719,B9A9D1051F5A_definition.md,T17,IV_RELATIONNELS_SOCIAUX,TEXT_PREVIEW_SLUG,0.88,CANDIDATE_TP_GENUINE
PATH_B_DRY_0086,GRAPHITI_V2_000352,21B4EA5CA8DD_activation_rules.md,T18,IV_RELATIONNELS_SOCIAUX,TEXT_PREVIEW_SLUG,0.88,CANDIDATE_TP_GENUINE
PATH_B_DRY_0087,GRAPHITI_V2_000383,24F51462BBAC_README.md,T18,IV_RELATIONNELS_SOCIAUX,TEXT_PREVIEW_SLUG,0.88,CANDIDATE_TP_GENUINE
PATH_B_DRY_0088,GRAPHITI_V2_000679,4624D3C91E0D_risks_confusions.md,T18,IV_RELATIONNELS_SOCIAUX,TEXT_PREVIEW_SLUG,0.88,CANDIDATE_TP_GENUINE
PATH_B_DRY_0089,GRAPHITI_V2_000694,48AAB2F1C286_demo_output_context_packet.json,T18,IV_RELATIONNELS_SOCIAUX,TEXT_PREVIEW_SLUG,0.5,REVIEW_REQUIRED_MULTI_TREE
PATH_B_DRY_0090,GRAPHITI_V2_001488,9FA64479BF66_examples_events.md,T18,IV_RELATIONNELS_SOCIAUX,TEXT_PREVIEW_SLUG,0.88,CANDIDATE_TP_GENUINE
PATH_B_DRY_0091,GRAPHITI_V2_001533,A4CC00737730_definition.md,T18,IV_RELATIONNELS_SOCIAUX,TEXT_PREVIEW_SLUG,0.88,CANDIDATE_TP_GENUINE
PATH_B_DRY_0092,GRAPHITI_V2_002332,FCA22631120B_tests.md,T18,IV_RELATIONNELS_SOCIAUX,TEXT_PREVIEW_SLUG,0.88,CANDIDATE_TP_GENUINE
PATH_B_DRY_0104,GRAPHITI_V2_000102,0B463A904CA9_tests.md,T19,IV_RELATIONNELS_SOCIAUX,TEXT_PREVIEW_SLUG,0.88,CANDIDATE_TP_GENUINE
PATH_B_DRY_0105,GRAPHITI_V2_000186,10A5059D8E15_examples_events.md,T19,IV_RELATIONNELS_SOCIAUX,TEXT_PREVIEW_SLUG,0.88,CANDIDATE_TP_GENUINE
PATH_B_DRY_0106,GRAPHITI_V2_000332,202BED34CED1_definition.md,T19,IV_RELATIONNELS_SOCIAUX,TEXT_PREVIEW_SLUG,0.88,CANDIDATE_TP_GENUINE
PATH_B_DRY_0107,GRAPHITI_V2_000495,311A9ABD07F6_README.md,T19,IV_RELATIONNELS_SOCIAUX,TEXT_PREVIEW_SLUG,0.88,CANDIDATE_TP_GENUINE
PATH_B_DRY_0108,GRAPHITI_V2_000929,64A95E15EE6A_risks_confusions.md,T19,IV_RELATIONNELS_SOCIAUX,TEXT_PREVIEW_SLUG,0.88,CANDIDATE_TP_GENUINE
PATH_B_DRY_0109,GRAPHITI_V2_001687,B507E01ACD7F_activation_rules.md,T19,IV_RELATIONNELS_SOCIAUX,TEXT_PREVIEW_SLUG,0.88,CANDIDATE_TP_GENUINE
PATH_B_DRY_0168,GRAPHITI_V2_000579,3A1E1395AF2B_tests.md,T23,VI_TEMPORELS_MEMORIELS,TEXT_PREVIEW_SLUG,0.88,CANDIDATE_TP_GENUINE
PATH_B_DRY_0169,GRAPHITI_V2_001023,6D034ECC543D_README.md,T23,VI_TEMPORELS_MEMORIELS,TEXT_PREVIEW_SLUG,0.88,CANDIDATE_TP_GENUINE
PATH_B_DRY_0170,GRAPHITI_V2_001040,6EB02A1FE391_definition.md,T23,VI_TEMPORELS_MEMORIELS,TEXT_PREVIEW_SLUG,0.88,CANDIDATE_TP_GENUINE
PATH_B_DRY_0171,GRAPHITI_V2_001209,800DDAE3266B_examples_events.md,T23,VI_TEMPORELS_MEMORIELS,TEXT_PREVIEW_SLUG,0.88,CANDIDATE_TP_GENUINE
PATH_B_DRY_0172,GRAPHITI_V2_001708,B7A40972F6A6_activation_rules.md,T23,VI_TEMPORELS_MEMORIELS,TEXT_PREVIEW_SLUG,0.88,CANDIDATE_TP_GENUINE
PATH_B_DRY_0173,GRAPHITI_V2_002246,F1C2F78E2677_risks_confusions.md,T23,VI_TEMPORELS_MEMORIELS,TEXT_PREVIEW_SLUG,0.88,CANDIDATE_TP_GENUINE
PATH_B_DRY_0201,GRAPHITI_V2_000153,0FE9C316C201_tests.md,T25,VI_TEMPORELS_MEMORIELS,TEXT_PREVIEW_SLUG,0.88,CANDIDATE_TP_GENUINE
PATH_B_DRY_0202,GRAPHITI_V2_000324,1FA1B9D7847A_README.md,T25,VI_TEMPORELS_MEMORIELS,TEXT_PREVIEW_SLUG,0.88,CANDIDATE_TP_GENUINE
PATH_B_DRY_0203,GRAPHITI_V2_000452,2CBC8E0ED31D_examples_events.md,T25,VI_TEMPORELS_MEMORIELS,TEXT_PREVIEW_SLUG,0.88,CANDIDATE_TP_GENUINE
PATH_B_DRY_0204,GRAPHITI_V2_000821,59D0164CE641_definition.md,T25,VI_TEMPORELS_MEMORIELS,TEXT_PREVIEW_SLUG,0.88,CANDIDATE_TP_GENUINE
PATH_B_DRY_0205,GRAPHITI_V2_000951,669F53D6BBAF_risks_confusions.md,T25,VI_TEMPORELS_MEMORIELS,TEXT_PREVIEW_SLUG,0.88,CANDIDATE_TP_GENUINE
PATH_B_DRY_0206,GRAPHITI_V2_001869,C70D94DB0843_activation_rules.md,T25,VI_TEMPORELS_MEMORIELS,TEXT_PREVIEW_SLUG,0.88,CANDIDATE_TP_GENUINE
PATH_B_DRY_0217,GRAPHITI_V2_000694,48AAB2F1C286_demo_output_context_packet.json,T26,VII_META_STRUCTURELS,TEXT_PREVIEW_SLUG,0.5,REVIEW_REQUIRED_MULTI_TREE
PATH_B_DRY_0218,GRAPHITI_V2_000971,67F5408FAD39_risks_confusions.md,T26,VII_META_STRUCTURELS,TEXT_PREVIEW_SLUG,0.88,CANDIDATE_TP_GENUINE
PATH_B_DRY_0219,GRAPHITI_V2_001199,7EFA025D2B68_definition.md,T26,VII_META_STRUCTURELS,TEXT_PREVIEW_SLUG,0.88,CANDIDATE_TP_GENUINE
PATH_B_DRY_0220,GRAPHITI_V2_001304,8A72E17BB3F7_activation_rules.md,T26,VII_META_STRUCTURELS,TEXT_PREVIEW_SLUG,0.88,CANDIDATE_TP_GENUINE
PATH_B_DRY_0221,GRAPHITI_V2_001401,950B87448822_tests.md,T26,VII_META_STRUCTURELS,TEXT_PREVIEW_SLUG,0.88,CANDIDATE_TP_GENUINE
PATH_B_DRY_0222,GRAPHITI_V2_001482,9F37EBE410C8_examples_events.md,T26,VII_META_STRUCTURELS,TEXT_PREVIEW_SLUG,0.88,CANDIDATE_TP_GENUINE
PATH_B_DRY_0223,GRAPHITI_V2_001921,CD9BBA9744D2_README.md,T26,VII_META_STRUCTURELS,TEXT_PREVIEW_SLUG,0.88,CANDIDATE_TP_GENUINE
PATH_B_DRY_0234,GRAPHITI_V2_000688,47DA3A8C69B5_definition.md,T27,VII_META_STRUCTURELS,TEXT_PREVIEW_SLUG,0.88,CANDIDATE_TP_GENUINE
PATH_B_DRY_0235,GRAPHITI_V2_000799,56E02F2B49F1_risks_confusions.md,T27,VII_META_STRUCTURELS,TEXT_PREVIEW_SLUG,0.88,CANDIDATE_TP_GENUINE
PATH_B_DRY_0236,GRAPHITI_V2_001155,7ACABF202E94_activation_rules.md,T27,VII_META_STRUCTURELS,TEXT_PREVIEW_SLUG,0.88,CANDIDATE_TP_GENUINE
PATH_B_DRY_0237,GRAPHITI_V2_001204,7F568A2891C4_tests.md,T27,VII_META_STRUCTURELS,TEXT_PREVIEW_SLUG,0.88,CANDIDATE_TP_GENUINE
PATH_B_DRY_0238,GRAPHITI_V2_001369,924129C65925_examples_events.md,T27,VII_META_STRUCTURELS,TEXT_PREVIEW_SLUG,0.88,CANDIDATE_TP_GENUINE
PATH_B_DRY_0239,GRAPHITI_V2_002210,EDF333F6879B_README.md,T27,VII_META_STRUCTURELS,TEXT_PREVIEW_SLUG,0.88,CANDIDATE_TP_GENUINE
PATH_B_DRY_0250,GRAPHITI_V2_000920,63AE9DA28A0A_definition.md,T28,VII_META_STRUCTURELS,TEXT_PREVIEW_SLUG,0.88,CANDIDATE_TP_GENUINE
PATH_B_DRY_0251,GRAPHITI_V2_001064,716C3604D5DF_activation_rules.md,T28,VII_META_STRUCTURELS,TEXT_PREVIEW_SLUG,0.88,CANDIDATE_TP_GENUINE
PATH_B_DRY_0252,GRAPHITI_V2_001330,8D776573086F_tests.md,T28,VII_META_STRUCTURELS,TEXT_PREVIEW_SLUG,0.88,CANDIDATE_TP_GENUINE
PATH_B_DRY_0253,GRAPHITI_V2_001583,A93189300478_README.md,T28,VII_META_STRUCTURELS,TEXT_PREVIEW_SLUG,0.88,CANDIDATE_TP_GENUINE
PATH_B_DRY_0254,GRAPHITI_V2_001650,B10DC07BCE20_examples_events.md,T28,VII_META_STRUCTURELS,TEXT_PREVIEW_SLUG,0.88,CANDIDATE_TP_GENUINE
PATH_B_DRY_0255,GRAPHITI_V2_001714,B8D29765BE3D_risks_confusions.md,T28,VII_META_STRUCTURELS,TEXT_PREVIEW_SLUG,0.88,CANDIDATE_TP_GENUINE
PATH_B_DRY_0266,GRAPHITI_V2_000683,47198019C2FD_tests.md,T29,VII_META_STRUCTURELS,TEXT_PREVIEW_SLUG,0.88,CANDIDATE_TP_GENUINE
PATH_B_DRY_0267,GRAPHITI_V2_000756,50E9C1177E6D_activation_rules.md,T29,VII_META_STRUCTURELS,TEXT_PREVIEW_SLUG,0.88,CANDIDATE_TP_GENUINE
PATH_B_DRY_0268,GRAPHITI_V2_000787,559C1B40ACF0_examples_events.md,T29,VII_META_STRUCTURELS,TEXT_PREVIEW_SLUG,0.88,CANDIDATE_TP_GENUINE
PATH_B_DRY_0269,GRAPHITI_V2_000905,61EA08B4E4F2_risks_confusions.md,T29,VII_META_STRUCTURELS,TEXT_PREVIEW_SLUG,0.88,CANDIDATE_TP_GENUINE
PATH_B_DRY_0270,GRAPHITI_V2_001143,7994796B6E1A_definition.md,T29,VII_META_STRUCTURELS,TEXT_PREVIEW_SLUG,0.88,CANDIDATE_TP_GENUINE
PATH_B_DRY_0271,GRAPHITI_V2_001152,7AB2B7672D29_README.md,T29,VII_META_STRUCTURELS,TEXT_PREVIEW_SLUG,0.88,CANDIDATE_TP_GENUINE
